zhAddress,zhLink,zhName,zhNum,zhTime,zhType
北京,position_detail.php?id=49057&keywords=&tid=0&lid=0,CSIG16-地图数据评测工程师,4,2019-04-12,技术类
北京,position_detail.php?id=49058&keywords=&tid=0&lid=0,CSIG16-服务端接口测试,1,2019-04-12,技术类
北京,position_detail.php?id=49059&keywords=&tid=0&lid=0,CSIG16-地图数据产品经理,1,2019-04-12,产品/项目类
北京,position_detail.php?id=49060&keywords=&tid=0&lid=0,CSIG16-地图数据平台后台高级研发工程师,6,2019-04-12,技术类
北京,position_detail.php?id=49061&keywords=&tid=0&lid=0,CSIG16-web测试工程师,1,2019-04-12,技术类
广州,position_detail.php?id=49062&keywords=&tid=0&lid=0,WXG07-QQ邮箱后台开发工程师,1,2019-04-12,技术类
北京,position_detail.php?id=49051&keywords=&tid=0&lid=0,CSIG16-地图平台高级产品经理,2,2019-04-12,产品/项目类
北京,position_detail.php?id=49052&keywords=&tid=0&lid=0,CSIG16-地图平台产品经理,1,2019-04-12,产品/项目类
北京,position_detail.php?id=49053&keywords=&tid=0&lid=0,CSIG16-地图数据平台后台研发工程师,6,2019-04-12,技术类
北京,position_detail.php?id=49054&keywords=&tid=0&lid=0,CSIG16-POI数据策略高级工程师,2,2019-04-12,技术类
深圳,position_detail.php?id=49076&keywords=&tid=0&lid=0,15605-移动游戏平台运营（深圳）,1,2019-04-12,产品/项目类
深圳,position_detail.php?id=49077&keywords=&tid=0&lid=0,XTB-秘书（深圳）,1,2019-04-12,职能类
深圳,position_detail.php?id=49066&keywords=&tid=0&lid=0,18435-项目经理,1,2019-04-12,产品/项目类
深圳,position_detail.php?id=49067&keywords=&tid=0&lid=0,18435-风控产品经理,2,2019-04-12,产品/项目类
深圳,position_detail.php?id=49068&keywords=&tid=0&lid=0,TME-QQ音乐营收产品策划（深圳）,1,2019-04-12,产品/项目类
美国,position_detail.php?id=49069&keywords=&tid=0&lid=0,25928-游戏AI研究组长/总监（美国）,1,2019-04-12,技术类
深圳,position_detail.php?id=49070&keywords=&tid=0&lid=0,26832-招聘专员(英文/日文),5,2019-04-12,职能类
广州,position_detail.php?id=49063&keywords=&tid=0&lid=0,WXG07-数据挖掘算法工程师（广州）,1,2019-04-12,技术类
北京,position_detail.php?id=49064&keywords=&tid=0&lid=0,WXG10-321 企业微信商务推广经理（北京-快消）,1,2019-04-12,市场类
深圳,position_detail.php?id=49065&keywords=&tid=0&lid=0,18432-理财业务运营分析及商务支持经理,1,2019-04-12,产品/项目类
北京,position_detail.php?id=49088&keywords=&tid=0&lid=0,CSIG16-自动驾驶高精地图（工具研发）（北京),1,2019-04-12,技术类
深圳,position_detail.php?id=49078&keywords=&tid=0&lid=0,18427-iOS移动客户端开发高级工程师,1,2019-04-12,技术类
深圳,position_detail.php?id=49079&keywords=&tid=0&lid=0,27092-应用宝商业化内部合作产品策划（深圳）,1,2019-04-12,产品/项目类
深圳,position_detail.php?id=49080&keywords=&tid=0&lid=0,PCG14-推荐算法工程师（深圳）,1,2019-04-12,技术类
北京,position_detail.php?id=49081&keywords=&tid=0&lid=0,22850-数据分析师（策略分析方向）,1,2019-04-12,市场类
深圳,position_detail.php?id=49082&keywords=&tid=0&lid=0,30630-腾讯广告高级运营经理-销售咨询（北京/深圳）,1,2019-04-12,市场类
深圳,position_detail.php?id=49071&keywords=&tid=0&lid=0,25926-游戏安全高级产品策划（深圳）,1,2019-04-12,产品/项目类
深圳,position_detail.php?id=49072&keywords=&tid=0&lid=0,25926-游戏安全高级产品运营（深圳）,1,2019-04-12,产品/项目类
深圳,position_detail.php?id=49073&keywords=&tid=0&lid=0,TME-腾讯音乐后台策略安全（深圳）,2,2019-04-12,技术类
北京,position_detail.php?id=49074&keywords=&tid=0&lid=0,30625-腾讯广告方案高级策划经理-教育方向（北京）,1,2019-04-12,市场类
深圳,position_detail.php?id=49089&keywords=&tid=0&lid=0,FC-运营类采购商务主管,1,2019-04-12,职能类
上海,position_detail.php?id=49090&keywords=&tid=0&lid=0,30628-腾讯广告企业CRM应用开发工程师（上海）,1,2019-04-12,技术类
广州,position_detail.php?id=49091&keywords=&tid=0&lid=0,WXG09-331 微信海外市场经理（广州）,1,2019-04-12,市场类
深圳,position_detail.php?id=49092&keywords=&tid=0&lid=0,21532-腾讯音乐综合行政专员（深圳）,1,2019-04-12,职能类
深圳,position_detail.php?id=49093&keywords=&tid=0&lid=0,TEG14-社交业务图像处理开发工程师,2,2019-04-12,技术类
深圳,position_detail.php?id=49083&keywords=&tid=0&lid=0,30630-腾讯广告数据分析师-销售支持（深圳）,1,2019-04-12,技术类
北京,position_detail.php?id=49084&keywords=&tid=0&lid=0,22086-体育数据产品经理,1,2019-04-12,产品/项目类
深圳,position_detail.php?id=49085&keywords=&tid=0&lid=0,19511-游戏学院产业研究经理(深圳）,1,2019-04-12,产品/项目类
深圳,position_detail.php?id=49086&keywords=&tid=0&lid=0,TME-TME-QQ音乐创新平台iOS开发工程师（深圳）,1,2019-04-12,技术类
北京,position_detail.php?id=49087&keywords=&tid=0&lid=0,30626-腾讯广告渠道经理（北京）,1,2019-04-12,市场类
深圳,position_detail.php?id=49100&keywords=&tid=0&lid=0,25663-泛互联网业务架构师（深圳/武汉）,2,2019-04-12,技术类
深圳,position_detail.php?id=49101&keywords=&tid=0&lid=0,9615-CDG高级秘书（深圳）,1,2019-04-12,职能类
深圳,position_detail.php?id=49102&keywords=&tid=0&lid=0,TME-全民K歌推荐策略产品经理,1,2019-04-12,产品/项目类
深圳,position_detail.php?id=49103&keywords=&tid=0&lid=0,TME-全民K歌内容安全产品经理,1,2019-04-12,产品/项目类
深圳,position_detail.php?id=49104&keywords=&tid=0&lid=0,CDG-FiT-HRBP（深圳）,1,2019-04-12,职能类
深圳,position_detail.php?id=49094&keywords=&tid=0&lid=0,TME-腾讯音乐质量管理工程师,1,2019-04-12,技术类
深圳,position_detail.php?id=49095&keywords=&tid=0&lid=0,29777-腾讯云移动开发平台高级产品经理（深圳、北京、上海）,2,2019-04-12,产品/项目类
深圳,position_detail.php?id=49096&keywords=&tid=0&lid=0,29777-腾讯云金融行业后台开发高级工程师,2,2019-04-12,技术类
深圳,position_detail.php?id=49097&keywords=&tid=0&lid=0,29777-金融云区块链高级研发工程师（深圳）,2,2019-04-12,技术类
深圳,position_detail.php?id=49099&keywords=&tid=0&lid=0,GY0-【国际业务部】Senior Web Developer（Hong Kong）,1,2019-04-12,技术类
深圳,position_detail.php?id=49120&keywords=&tid=0&lid=0,TEG05-高级安全工程师（应急响应）,1,2019-04-12,技术类
北京,position_detail.php?id=49110&keywords=&tid=0&lid=0,CSIG07-安全技术高级工程师（北京）,2,2019-04-12,技术类
深圳,position_detail.php?id=49111&keywords=&tid=0&lid=0,25927-高级测试开发工程师,1,2019-04-12,技术类
深圳,position_detail.php?id=49112&keywords=&tid=0&lid=0,30359-后台策略安全工程师,1,2019-04-12,技术类
深圳,position_detail.php?id=49113&keywords=&tid=0&lid=0,28481-腾讯医疗售前解决方案架构师（深圳）,1,2019-04-12,技术类
成都,position_detail.php?id=49114&keywords=&tid=0&lid=0,28481-腾讯医疗售前解决方案架构师(成都）,1,2019-04-12,技术类
深圳,position_detail.php?id=49105&keywords=&tid=0&lid=0,31967-企鹅电竞商业化运营经理（商务运营向）,1,2019-04-12,产品/项目类
深圳,position_detail.php?id=49106&keywords=&tid=0&lid=0,27931-产品内容策划(深圳）,1,2019-04-12,产品/项目类
广州,position_detail.php?id=49130&keywords=&tid=0&lid=0,WXG03-小程序推荐算法工程师,1,2019-04-12,技术类
上海,position_detail.php?id=49121&keywords=&tid=0&lid=0,30628-腾讯广告数据管理Web前端工程师（研发中心-上海）,1,2019-04-12,技术类
北京,position_detail.php?id=49122&keywords=&tid=0&lid=0,17759-腾讯视频用户增长BI分析师,1,2019-04-12,市场类
深圳,position_detail.php?id=49123&keywords=&tid=0&lid=0,PCG17-3D动画设计师,1,2019-04-12,设计类
深圳,position_detail.php?id=49124&keywords=&tid=0&lid=0,28297-发行制作人,1,2019-04-12,产品/项目类
深圳,position_detail.php?id=49115&keywords=&tid=0&lid=0,18402-MMO手游平台渠道运营(深圳）,1,2019-04-12,产品/项目类
深圳,position_detail.php?id=49116&keywords=&tid=0&lid=0,18402-RPG手游市场运营（深圳）,1,2019-04-12,产品/项目类
深圳,position_detail.php?id=49117&keywords=&tid=0&lid=0,TEG05-高级安全解决方案工程师（深圳）,1,2019-04-12,技术类
深圳,position_detail.php?id=49118&keywords=&tid=0&lid=0,TEG05-应用运维安全高级工程师,1,2019-04-12,技术类
深圳,position_detail.php?id=49119&keywords=&tid=0&lid=0,TEG05-高级安全工程师（渗透测试/红蓝对抗）,1,2019-04-12,技术类
深圳,position_detail.php?id=49138&keywords=&tid=0&lid=0,22989-云市场商家体系运营经理,1,2019-04-12,产品/项目类
上海,position_detail.php?id=49139&keywords=&tid=0&lid=0,22989-云市场SaaS生态拓展经理(深圳/北京/上海/广州/成都),1,2019-04-12,市场类
深圳,position_detail.php?id=49140&keywords=&tid=0&lid=0,22989-CDN产品架构师,2,2019-04-12,产品/项目类
成都,position_detail.php?id=49131&keywords=&tid=0&lid=0,15575-《圣斗士星矢》高级特效设计师（成都）,1,2019-04-12,设计类
广州,position_detail.php?id=49132&keywords=&tid=0&lid=0,30626-腾讯广告华南渠道销售经理（广州）,1,2019-04-12,市场类
北京,position_detail.php?id=49133&keywords=&tid=0&lid=0,29477-IP采购经理,1,2019-04-12,内容编辑类
深圳,position_detail.php?id=49134&keywords=&tid=0&lid=0,EC-教育创想空间设备运维工程师,1,2019-04-12,技术类
深圳,position_detail.php?id=49126&keywords=&tid=0&lid=0,18796-腾讯即玩云游戏游戏引擎渲染高级工程师(深圳）,1,2019-04-12,技术类
上海,position_detail.php?id=49127&keywords=&tid=0&lid=0,30628-腾讯广告平台高级产品经理（上海）,1,2019-04-12,产品/项目类
深圳,position_detail.php?id=49129&keywords=&tid=0&lid=0,TEG04-Web开发工程师（深圳）,2,2019-04-12,技术类
深圳,position_detail.php?id=49149&keywords=&tid=0&lid=0,25666-投标策略高级经理（深圳）,3,2019-04-12,市场类
深圳,position_detail.php?id=49150&keywords=&tid=0&lid=0,28297-国漫/二次元项目高级运营经理（深圳）,1,2019-04-12,产品/项目类
北京,position_detail.php?id=49141&keywords=&tid=0&lid=0,PCG19-大数据开发工程师（北京）,1,2019-04-12,技术类
深圳,position_detail.php?id=49142&keywords=&tid=0&lid=0,17229-资深原画设计师,2,2019-04-12,设计类
深圳,position_detail.php?id=49143&keywords=&tid=0&lid=0,15687-互娱漫画主笔(深圳),1,2019-04-12,设计类
深圳,position_detail.php?id=49144&keywords=&tid=0&lid=0,15581-华夏手游运营活动策划（深圳）,1,2019-04-12,产品/项目类
深圳,position_detail.php?id=49145&keywords=&tid=0&lid=0,15851-游戏后台开发工程师（深圳）,1,2019-04-12,技术类
深圳,position_detail.php?id=49135&keywords=&tid=0&lid=0,22989-腾讯云高级项目经理（深圳）,1,2019-04-12,产品/项目类
深圳,position_detail.php?id=49136&keywords=&tid=0&lid=0,22989-腾讯云API高级研发工程师,2,2019-04-12,技术类
深圳,position_detail.php?id=49137&keywords=&tid=0&lid=0,22989-腾讯云API开源工程师,2,2019-04-12,技术类
上海,position_detail.php?id=49161&keywords=&tid=0&lid=0,30628-30628-腾讯社交广告数据应用产品经理（深圳/上海）,1,2019-04-12,产品/项目类
深圳,position_detail.php?id=49152&keywords=&tid=0&lid=0,AQ-安全评估经理（深圳总部）,1,2019-04-12,职能类
广州,position_detail.php?id=49153&keywords=&tid=0&lid=0,AQ-安全评估经理（广州）,1,2019-04-12,职能类
深圳,position_detail.php?id=49154&keywords=&tid=0&lid=0,22989-专有云网络高级产品经理（深圳）,3,2019-04-12,产品/项目类
深圳,position_detail.php?id=49155&keywords=&tid=0&lid=0,23872-综合商务运营经理,1,2019-04-12,市场类
北京,position_detail.php?id=49156&keywords=&tid=0&lid=0,22090-快报高级产品经理,1,2019-04-12,产品/项目类
深圳,position_detail.php?id=49151&keywords=&tid=0&lid=0,TME-全民K歌高级产品经理（用户增长）,1,2019-04-12,产品/项目类
深圳,position_detail.php?id=49146&keywords=&tid=0&lid=0,15579-高级游戏技术美术（深圳）,1,2019-04-12,设计类
深圳,position_detail.php?id=49147&keywords=&tid=0&lid=0,27193-互娱高级视觉设计师,1,2019-04-12,设计类
上海,position_detail.php?id=49148&keywords=&tid=0&lid=0,30624-腾讯广告饮料行业广告销售经理（上海）,1,2019-04-12,市场类
深圳,position_detail.php?id=49169&keywords=&tid=0&lid=0,23295-互娱PGC内容策划经理,1,2019-04-12,市场类
深圳,position_detail.php?id=49171&keywords=&tid=0&lid=0,TEG17-高级语音平台开发工程师,1,2019-04-12,技术类
深圳,position_detail.php?id=49172&keywords=&tid=0&lid=0,PCG16-信息流商业化后台开发工程师（深圳）,2,2019-04-12,技术类
深圳,position_detail.php?id=49162&keywords=&tid=0&lid=0,PCG10-QQ浏览器推荐算法工程师,2,2019-04-12,技术类
深圳,position_detail.php?id=49163&keywords=&tid=0&lid=0,TME-Moo音乐/QQ音乐交互设计师（深圳）,1,2019-04-12,设计类
北京,position_detail.php?id=49165&keywords=&tid=0&lid=0,CSIG16-自动驾驶点云感知算法工程师（北京）,1,2019-04-12,技术类
深圳,position_detail.php?id=49166&keywords=&tid=0&lid=0,31504-高级运营开发工程师,2,2019-04-12,技术类
北京,position_detail.php?id=49158&keywords=&tid=0&lid=0,CSIG15-语音识别算法研究员,1,2019-04-12,技术类
深圳,position_detail.php?id=49159&keywords=&tid=0&lid=0,PCG10-数据分析产品经理,1,2019-04-12,产品/项目类
北京,position_detail.php?id=49160&keywords=&tid=0&lid=0,CSIG16-底图渲染引擎开发工程师,1,2019-04-12,技术类
深圳,position_detail.php?id=49180&keywords=&tid=0&lid=0,TEG05-大数据软件开发工程师（深圳）,1,2019-04-12,技术类
深圳,position_detail.php?id=49181&keywords=&tid=0&lid=0,TEG05-高级后台开发工程师（深圳）,1,2019-04-12,技术类
深圳,position_detail.php?id=49182&keywords=&tid=0&lid=0,30622-腾讯广告信息流与QQ效果广告行业运营经理（深圳）,2,2019-04-12,产品/项目类
深圳,position_detail.php?id=49183&keywords=&tid=0&lid=0,PCG09-信息流视频后台方案架构师,2,2019-04-12,技术类
上海,position_detail.php?id=49173&keywords=&tid=0&lid=0,22989-机器学习算法工程师（上海）,1,2019-04-12,技术类
深圳,position_detail.php?id=49174&keywords=&tid=0&lid=0,22989-机器学习算法工程师（深圳总部）,1,2019-04-12,技术类
深圳,position_detail.php?id=49175&keywords=&tid=0&lid=0,18428-银行业务测试工程师（深圳）,1,2019-04-12,技术类
深圳,position_detail.php?id=49176&keywords=&tid=0&lid=0,27730-产品经理（用户增长方向）,1,2019-04-12,产品/项目类
深圳,position_detail.php?id=49177&keywords=&tid=0&lid=0,28598-WEB前端开发工程师,1,2019-04-12,技术类
北京,position_detail.php?id=49168&keywords=&tid=0&lid=0,30623-腾讯广告联盟广告商务经理（北京）,1,2019-04-12,市场类
深圳,position_detail.php?id=49192&keywords=&tid=0&lid=0,CSIG17-X86体系结构工程师,1,2019-04-12,技术类
深圳,position_detail.php?id=49193&keywords=&tid=0&lid=0,CSIG17-Linux内核优化工程师,1,2019-04-12,技术类
深圳,position_detail.php?id=49194&keywords=&tid=0&lid=0,CSIG17-Android测试开发资深工程师,1,2019-04-12,技术类
深圳,position_detail.php?id=49184&keywords=&tid=0&lid=0,25667-腾讯云高级数据分析师（深圳）,1,2019-04-12,技术类
深圳,position_detail.php?id=49185&keywords=&tid=0&lid=0,30620-腾讯广告高级后台开发工程师（微信广告 深圳）,1,2019-04-12,技术类
北京,position_detail.php?id=49186&keywords=&tid=0&lid=0,CSIG08-安全业务技术高级架构师（北京）,1,2019-04-12,技术类
北京,position_detail.php?id=49187&keywords=&tid=0&lid=0,25666-投标策略高级经理（北京）,1,2019-04-12,市场类
上海,position_detail.php?id=49188&keywords=&tid=0&lid=0,25666-投标策略高级经理（上海）,1,2019-04-12,市场类
深圳,position_detail.php?id=49178&keywords=&tid=0&lid=0,27564-体育游戏内容合作,1,2019-04-12,产品/项目类
深圳,position_detail.php?id=49179&keywords=&tid=0&lid=0,27564-足球类游戏运营（深圳）,2,2019-04-12,产品/项目类
深圳,position_detail.php?id=49204&keywords=&tid=0&lid=0,26787-应用市场商务合作经理（深圳总部）,1,2019-04-12,市场类
深圳,position_detail.php?id=49205&keywords=&tid=0&lid=0,S2-S系统财务管理（深圳）,1,2019-04-12,职能类
北京,position_detail.php?id=49196&keywords=&tid=0&lid=0,CSIG16-AI智能信息流产品运营-内容运营,1,2019-04-12,产品/项目类
北京,position_detail.php?id=49197&keywords=&tid=0&lid=0,23673-兴趣PUSH运营,1,2019-04-12,内容编辑类
上海,position_detail.php?id=49198&keywords=&tid=0&lid=0,32032-高级游戏策划（上海）,1,2019-04-12,产品/项目类
深圳,position_detail.php?id=49199&keywords=&tid=0&lid=0,30628-腾讯广告算法高级工程师（研发中心-深圳）,1,2019-04-12,技术类
北京,position_detail.php?id=49200&keywords=&tid=0&lid=0,CSIG16-地图众包高级产品经理(北京）,2,2019-04-12,产品/项目类
深圳,position_detail.php?id=49189&keywords=&tid=0&lid=0,27564-体育向内容编辑（深圳）,1,2019-04-12,产品/项目类
深圳,position_detail.php?id=49190&keywords=&tid=0&lid=0,21645-高级法律顾问-跨境支付方向（深圳）,1,2019-04-12,职能类
深圳,position_detail.php?id=49191&keywords=&tid=0&lid=0,27553-腾讯音乐商业分析经理（深圳）,1,2019-04-12,市场类
深圳,position_detail.php?id=49218&keywords=&tid=0&lid=0,30934-海外市场推广项目经理 Project Manager of International Marketing ,1,2019-04-12,产品/项目类
深圳,position_detail.php?id=49206&keywords=&tid=0&lid=0,23518-移动游戏市场流量分析运营,1,2019-04-12,产品/项目类
深圳,position_detail.php?id=49207&keywords=&tid=0&lid=0,RP-UI视觉设计师,1,2019-04-12,设计类
北京,position_detail.php?id=49209&keywords=&tid=0&lid=0,CDG-HRBP-AMS（北京）,1,2019-04-12,职能类
深圳,position_detail.php?id=49210&keywords=&tid=0&lid=0,TME-全民K歌音频直播运营,1,2019-04-12,产品/项目类
深圳,position_detail.php?id=49211&keywords=&tid=0&lid=0,TME-全民K歌渠道运营经理（深圳）,1,2019-04-12,产品/项目类
深圳,position_detail.php?id=49212&keywords=&tid=0&lid=0,21087-渠道管理,1,2019-04-12,产品/项目类
北京,position_detail.php?id=49201&keywords=&tid=0&lid=0,17759-腾讯视频内容分析师（北京）,1,2019-04-12,内容编辑类
深圳,position_detail.php?id=49202&keywords=&tid=0&lid=0,30934-SLG海外手游运营策划（深圳）,1,2019-04-12,产品/项目类
北京,position_detail.php?id=49203&keywords=&tid=0&lid=0,26787-应用市场商务合作经理（北京）,1,2019-04-12,市场类
上海,position_detail.php?id=49229&keywords=&tid=0&lid=0,15616-高级技术美术(上海）,2,2019-04-12,设计类
深圳,position_detail.php?id=49219&keywords=&tid=0&lid=0,16810-腾讯动漫数据挖掘算法工程师,1,2019-04-12,技术类
深圳,position_detail.php?id=49220&keywords=&tid=0&lid=0,PCG14-应用宝合作渠道产品经理（深圳）,1,2019-04-12,产品/项目类
深圳,position_detail.php?id=49221&keywords=&tid=0&lid=0,27092-应用宝广告合作产品策划经理（深圳）,1,2019-04-12,产品/项目类
深圳,position_detail.php?id=49223&keywords=&tid=0&lid=0,PCG09-信息流平台高级产品经理,1,2019-04-12,产品/项目类
深圳,position_detail.php?id=49213&keywords=&tid=0&lid=0,23671-企鹅号后台开发高级工程师（深圳）,1,2019-04-12,技术类
深圳,position_detail.php?id=49214&keywords=&tid=0&lid=0,26699-智慧零售后台开发工程师,1,2019-04-12,技术类
深圳,position_detail.php?id=49215&keywords=&tid=0&lid=0,26699-智慧零售前端开发工程师（深圳）,1,2019-04-12,技术类
深圳,position_detail.php?id=49216&keywords=&tid=0&lid=0,21309-在线教育高级交互设计师（深圳）,2,2019-04-12,设计类
北京,position_detail.php?id=49217&keywords=&tid=0&lid=0,19157-政府安全合作项目技术实施工程师（北京）,1,2019-04-12,技术类
深圳,position_detail.php?id=49230&keywords=&tid=0&lid=0,21309-儿童英语启蒙产品ABCmouse产品策划经理,1,2019-04-12,产品/项目类
深圳,position_detail.php?id=49231&keywords=&tid=0&lid=0,21062-叙事向手游客户端开发高级工程师（深圳）,1,2019-04-12,技术类
深圳,position_detail.php?id=49232&keywords=&tid=0&lid=0,TEG06-Mac终端安全运营高级工程师（深圳）,1,2019-04-12,技术类
深圳,position_detail.php?id=49233&keywords=&tid=0&lid=0,18425-支付平台开发工程师,1,2019-04-12,技术类
上海,position_detail.php?id=49234&keywords=&tid=0&lid=0,15618-游戏客户端开发工程师（上海）,1,2019-04-12,技术类
北京,position_detail.php?id=49224&keywords=&tid=0&lid=0,27730-推荐算法工程师,1,2019-04-12,技术类
深圳,position_detail.php?id=49225&keywords=&tid=0&lid=0,19332-企点渠道销售经理岗（深圳）,1,2019-04-12,市场类
深圳,position_detail.php?id=49226&keywords=&tid=0&lid=0,PCG09-信息流项目经理,1,2019-04-12,产品/项目类
深圳,position_detail.php?id=49227&keywords=&tid=0&lid=0,26787-游戏合作商务,1,2019-04-12,市场类
深圳,position_detail.php?id=49228&keywords=&tid=0&lid=0,26787-策略分析经理（深圳）,1,2019-04-12,市场类
北京,position_detail.php?id=49242&keywords=&tid=0&lid=0,30359-web前端高级开发工程师,1,2019-04-12,技术类
北京,position_detail.php?id=49243&keywords=&tid=0&lid=0,25663-泛互联网解决方案架构师（北/上/深）（北京）,1,2019-04-12,技术类
上海,position_detail.php?id=49244&keywords=&tid=0&lid=0,25663-泛互联网解决方案架构师（北/上/深）（上海）,1,2019-04-12,技术类
深圳,position_detail.php?id=49245&keywords=&tid=0&lid=0,32032-互娱沙盒类手游服务端开发（深圳）   ,1,2019-04-12,技术类
北京,position_detail.php?id=49235&keywords=&tid=0&lid=0,PCG04-腾讯视频移动终端测试开发工程师（北京）,1,2019-04-12,技术类
深圳,position_detail.php?id=49236&keywords=&tid=0&lid=0,PCG04-腾讯视频移动终端测试开发工程师（深圳）,1,2019-04-12,技术类
深圳,position_detail.php?id=49237&keywords=&tid=0&lid=0,15569-QQ飞车手游高级角色原画设计师(深圳）,1,2019-04-12,设计类
北京,position_detail.php?id=49238&keywords=&tid=0&lid=0,25663-泛互联网售中架构师（北/上/深）,1,2019-04-12,技术类
深圳,position_detail.php?id=49239&keywords=&tid=0&lid=0,25663-泛互联网售中架构师（北/上/深）,1,2019-04-12,技术类
上海,position_detail.php?id=49240&keywords=&tid=0&lid=0,25663-泛互联网售中架构师（北/上/深）,1,2019-04-12,技术类
深圳,position_detail.php?id=49254&keywords=&tid=0&lid=0,22989-iOS开发高级工程师,1,2019-04-12,技术类
深圳,position_detail.php?id=49255&keywords=&tid=0&lid=0,22989-Android开发高级工程师,1,2019-04-12,技术类
杭州,position_detail.php?id=49256&keywords=&tid=0&lid=0,29777-工业云后台高级开发工程师（杭州）,2,2019-04-12,技术类
北京,position_detail.php?id=49246&keywords=&tid=0&lid=0,29314-合资公司CFO（张家口）,1,2019-04-12,职能类
深圳,position_detail.php?id=49247&keywords=&tid=0&lid=0,TME-全民K歌产品经理（渠道策略）,1,2019-04-12,产品/项目类
深圳,position_detail.php?id=49248&keywords=&tid=0&lid=0,PCG10-NLP/CV算法工程师,1,2019-04-12,技术类
北京,position_detail.php?id=49249&keywords=&tid=0&lid=0,27730-短视频个性化推荐算法工程师,1,2019-04-12,技术类
北京,position_detail.php?id=49250&keywords=&tid=0&lid=0,27730-分布式数据架构,1,2019-04-12,技术类
深圳,position_detail.php?id=49251&keywords=&tid=0&lid=0,32032-互娱沙盒类手游客户端开发（深圳）,1,2019-04-12,技术类
深圳,position_detail.php?id=49241&keywords=&tid=0&lid=0,25663-泛互联网解决方案架构师（北/上/深）（深圳总部）,1,2019-04-12,技术类
成都,position_detail.php?id=49266&keywords=&tid=0&lid=0,25666-腾讯云西南区域泛互联网行业销售（成都）,1,2019-04-12,市场类
上海,position_detail.php?id=49267&keywords=&tid=0&lid=0,24987-3D场景美术（上海）,1,2019-04-12,设计类
杭州,position_detail.php?id=49257&keywords=&tid=0&lid=0,29777-工业云前端高级开发工程师（杭州）,2,2019-04-12,技术类
深圳,position_detail.php?id=49258&keywords=&tid=0&lid=0,PCG10-搜索高级算法工程师-图像方向,1,2019-04-12,技术类
深圳,position_detail.php?id=49259&keywords=&tid=0&lid=0,23518-社交合作运营经理,1,2019-04-12,产品/项目类
北京,position_detail.php?id=49261&keywords=&tid=0&lid=0,22851-腾讯视频电影频道运营编辑（北京）,1,2019-04-12,内容编辑类
深圳,position_detail.php?id=49262&keywords=&tid=0&lid=0,TEG10-开源协同项目经理,1,2019-04-12,产品/项目类
深圳,position_detail.php?id=49263&keywords=&tid=0&lid=0,21882-算法工程师（深圳）,1,2019-04-12,技术类
成都,position_detail.php?id=49252&keywords=&tid=0&lid=0,PCG04-android开发工程师(成都),1,2019-04-12,技术类
深圳,position_detail.php?id=49253&keywords=&tid=0&lid=0,21087-游戏内外部渠道管理（深圳）,1,2019-04-12,产品/项目类
深圳,position_detail.php?id=49277&keywords=&tid=0&lid=0,GY0-【国际业务部】搜索业务高级算法工程师(深圳) ,1,2019-04-12,技术类
深圳,position_detail.php?id=49278&keywords=&tid=0&lid=0,23518-移动游戏渠道运营经理（微信/手Q/二级渠道）,2,2019-04-12,产品/项目类
武汉,position_detail.php?id=49269&keywords=&tid=0&lid=0,25663-泛互联网业务高级架构师（武汉）,1,2019-04-12,技术类
深圳,position_detail.php?id=49270&keywords=&tid=0&lid=0,25664-政务生态产品运营经理（深圳）,1,2019-04-12,产品/项目类
北京,position_detail.php?id=49271&keywords=&tid=0&lid=0,21309-儿童英语启蒙产品ABCmouse产品运营经理（北京）,1,2019-04-12,产品/项目类
北京,position_detail.php?id=49272&keywords=&tid=0&lid=0,30625-腾讯广告金融行业高级销售经理-组长（北京）,1,2019-04-12,市场类
上海,position_detail.php?id=49273&keywords=&tid=0&lid=0,30361-腾讯社区产品策划（上海）,1,2019-04-12,产品/项目类
深圳,position_detail.php?id=49274&keywords=&tid=0&lid=0,25927-游戏测试项目经理,4,2019-04-12,产品/项目类
深圳,position_detail.php?id=49264&keywords=&tid=0&lid=0,21882-腾讯医典高级前端开发（深圳）,1,2019-04-12,技术类
深圳,position_detail.php?id=49265&keywords=&tid=0&lid=0,30359-客户端开发工程师,2,2019-04-12,技术类
深圳,position_detail.php?id=49285&keywords=&tid=0&lid=0,27553-腾讯音乐后台开发工程师（深圳）,1,2019-04-12,技术类
深圳,position_detail.php?id=49286&keywords=&tid=0&lid=0,30626-腾讯广告KA渠道赋能经理（深圳）,1,2019-04-12,产品/项目类
深圳,position_detail.php?id=49287&keywords=&tid=0&lid=0,22989-腾讯云块存储高级运营开发工程师（深圳）,1,2019-04-12,技术类
深圳,position_detail.php?id=49280&keywords=&tid=0&lid=0,24012-游戏社交Android开发负责人（深圳）,1,2019-04-12,技术类
深圳,position_detail.php?id=49281&keywords=&tid=0&lid=0,24012-手游后台开发工程师（深圳）,1,2019-04-12,技术类
深圳,position_detail.php?id=49282&keywords=&tid=0&lid=0,21882-腾讯医典会员产品运营经理（深圳）,1,2019-04-12,产品/项目类
深圳,position_detail.php?id=49283&keywords=&tid=0&lid=0,21882-积分商城产品运营经理（深圳）,1,2019-04-12,产品/项目类
深圳,position_detail.php?id=49284&keywords=&tid=0&lid=0,21882-会员生活特权产品运营经理（深圳）,1,2019-04-12,产品/项目类
香港,position_detail.php?id=49275&keywords=&tid=0&lid=0,GY0-【国际业务部】Program Director（Hong Kong）,2,2019-04-12,市场类
深圳,position_detail.php?id=49276&keywords=&tid=0&lid=0,GY0-【国际业务部】搜索业务高级架构师(深圳) ,1,2019-04-12,技术类
深圳,position_detail.php?id=49303&keywords=&tid=0&lid=0,20354-腾讯云虚拟化漏洞研究员,2,2019-04-12,技术类
深圳,position_detail.php?id=49304&keywords=&tid=0&lid=0,CSIG15-智能终端产品经理,2,2019-04-12,产品/项目类
深圳,position_detail.php?id=49305&keywords=&tid=0&lid=0,20354-腾讯云安全产品后台高级开发工程师,1,2019-04-12,技术类
上海,position_detail.php?id=49307&keywords=&tid=0&lid=0,15614-客户端高级工程师（上海）,1,2019-04-12,技术类
深圳,position_detail.php?id=49296&keywords=&tid=0&lid=0,28096-腾讯音乐音频研究员（深圳）,1,2019-04-12,技术类
深圳,position_detail.php?id=49297&keywords=&tid=0&lid=0,28096-腾讯音乐广告推荐算法工程师（深圳）,1,2019-04-12,技术类
北京,position_detail.php?id=49298&keywords=&tid=0&lid=0,22090-天天快报-IOS开发工程师（北京）,1,2019-04-12,技术类
深圳,position_detail.php?id=49299&keywords=&tid=0&lid=0,28096-腾讯音乐DMP后台开发工程师（深圳）,1,2019-04-12,技术类
深圳,position_detail.php?id=49300&keywords=&tid=0&lid=0,23518-产品经理,1,2019-04-12,产品/项目类
广州,position_detail.php?id=49295&keywords=&tid=0&lid=0,WXG03-113 微信公众平台后台开发工程师（广州）,2,2019-04-12,技术类
深圳,position_detail.php?id=49315&keywords=&tid=0&lid=0,21227-创新手游产品—市场和平台渠道推广,1,2019-04-12,产品/项目类
深圳,position_detail.php?id=49316&keywords=&tid=0&lid=0,15570-MMO+FPS手游高级引擎开发工程师,2,2019-04-12,技术类
深圳,position_detail.php?id=49317&keywords=&tid=0&lid=0,21227-ARPG品类本地化高级运营策划,1,2019-04-12,产品/项目类
北京,position_detail.php?id=49308&keywords=&tid=0&lid=0,32271-腾讯视频效果投放运营经理（信息流方向）,1,2019-04-12,内容编辑类
深圳,position_detail.php?id=49309&keywords=&tid=0&lid=0,TME-全民K歌国际版后台工程师,3,2019-04-12,技术类
深圳,position_detail.php?id=49310&keywords=&tid=0&lid=0,18428-金融应用安全运维工程师,1,2019-04-12,技术类
上海,position_detail.php?id=49311&keywords=&tid=0&lid=0,15616-高级UI视觉设计师,2,2019-04-12,设计类
北京,position_detail.php?id=49312&keywords=&tid=0&lid=0,24548-电影商业制片人,1,2019-04-12,产品/项目类
深圳,position_detail.php?id=49301&keywords=&tid=0&lid=0,20354-腾讯云安全攻防专家（深圳总部）,1,2019-04-12,技术类
北京,position_detail.php?id=49302&keywords=&tid=0&lid=0,20354-腾讯云安全攻防专家（北京）,1,2019-04-12,技术类
北京,position_detail.php?id=49325&keywords=&tid=0&lid=0,RP-健康顾问（顾问合同）,1,2019-04-12,职能类
深圳,position_detail.php?id=49326&keywords=&tid=0&lid=0,31109-招聘经理,1,2019-04-12,职能类
深圳,position_detail.php?id=49327&keywords=&tid=0&lid=0,21089-英雄联盟衍生品运营（深圳）,1,2019-04-12,产品/项目类
深圳,position_detail.php?id=49328&keywords=&tid=0&lid=0,18302-剑灵IP手游后台高级开发工程师（深圳）,1,2019-04-12,技术类
深圳,position_detail.php?id=49318&keywords=&tid=0&lid=0,TEG02-云网络测试工程师,1,2019-04-12,技术类
深圳,position_detail.php?id=49319&keywords=&tid=0&lid=0,WH-企业文化经理（深圳）,1,2019-04-12,职能类
深圳,position_detail.php?id=49321&keywords=&tid=0&lid=0,PCG10-浏览器功能前端开发工程师,1,2019-04-12,技术类
深圳,position_detail.php?id=49322&keywords=&tid=0&lid=0,CSIG17-云网络产品测试高级工程师,1,2019-04-12,技术类
深圳,position_detail.php?id=49313&keywords=&tid=0&lid=0,18402-移动游戏本地化高级策划（深圳）,1,2019-04-12,产品/项目类
深圳,position_detail.php?id=49314&keywords=&tid=0&lid=0,28297-Strategic Planning Manager – Oversea Business,2,2019-04-12,市场类
深圳,position_detail.php?id=49336&keywords=&tid=0&lid=0,TME-全民K歌海外市场与用户研究经理（深圳）,1,2019-04-12,市场类
深圳,position_detail.php?id=49337&keywords=&tid=0&lid=0,TME-粉丝经济高级产品策划（深圳）,1,2019-04-12,产品/项目类
深圳,position_detail.php?id=49338&keywords=&tid=0&lid=0,30361-腾讯文档web前端开发,1,2019-04-12,技术类
深圳,position_detail.php?id=49329&keywords=&tid=0&lid=0,PCG04-测试Leader,1,2019-04-12,技术类
深圳,position_detail.php?id=49330&keywords=&tid=0&lid=0,PCG04-安全测试组长,1,2019-04-12,技术类
深圳,position_detail.php?id=49331&keywords=&tid=0&lid=0,PCG04-web前端高级开发工程师,1,2019-04-12,技术类
北京,position_detail.php?id=49332&keywords=&tid=0&lid=0,PCG04-后台开发工程师（北京）,1,2019-04-12,技术类
深圳,position_detail.php?id=49333&keywords=&tid=0&lid=0,TME-节目编导,1,2019-04-12,内容编辑类
深圳,position_detail.php?id=49323&keywords=&tid=0&lid=0,27730-短视频APP后台开发工程师（深圳）,2,2019-04-12,技术类
深圳,position_detail.php?id=49324&keywords=&tid=0&lid=0,27730-产品经理（用户运营方向）,1,2019-04-12,产品/项目类
美国,position_detail.php?id=49348&keywords=&tid=0&lid=0,30933-Lead Game Narrative Designer,1,2019-04-12,产品/项目类
深圳,position_detail.php?id=49349&keywords=&tid=0&lid=0,23516-移动游戏社区运营(深圳）,1,2019-04-12,产品/项目类
深圳,position_detail.php?id=49350&keywords=&tid=0&lid=0,29912-高级后台开发岗,2,2019-04-12,技术类
上海,position_detail.php?id=49339&keywords=&tid=0&lid=0,21229-新媒体合作运营高级经理（上海）,1,2019-04-12,产品/项目类
北京,position_detail.php?id=49340&keywords=&tid=0&lid=0,29777-腾讯云交通行业策略专家（北京）,1,2019-04-12,产品/项目类
上海,position_detail.php?id=49341&keywords=&tid=0&lid=0,29777-腾讯云交通行业策略专家（上海）,1,2019-04-12,产品/项目类
北京,position_detail.php?id=49343&keywords=&tid=0&lid=0,CSIG16-自动驾驶云平台高级测试工程师（北京）,1,2019-04-12,技术类
北京,position_detail.php?id=49344&keywords=&tid=0&lid=0,CSIG16-自动驾驶云平台高级前端开发工程师（北京）,1,2019-04-12,技术类
上海,position_detail.php?id=49334&keywords=&tid=0&lid=0,21229-代理游戏高级产品运营,1,2019-04-12,产品/项目类
深圳,position_detail.php?id=49335&keywords=&tid=0&lid=0,23671-企鹅号平台产品经理（深圳）,1,2019-04-12,产品/项目类
深圳,position_detail.php?id=49359&keywords=&tid=0&lid=0,26699-智慧零售行业系统架构师,1,2019-04-12,技术类
深圳,position_detail.php?id=49360&keywords=&tid=0&lid=0,26699-智慧零售行业系统架构师,2,2019-04-12,技术类
深圳,position_detail.php?id=49351&keywords=&tid=0&lid=0,29912-Mac桌面开发工程师  ,2,2019-04-12,技术类
上海,position_detail.php?id=49352&keywords=&tid=0&lid=0,32032-资深UI美术（上海）,1,2019-04-12,设计类
上海,position_detail.php?id=49353&keywords=&tid=0&lid=0,32032-资深特效美术设计师（上海）,1,2019-04-12,设计类
上海,position_detail.php?id=49354&keywords=&tid=0&lid=0,32032-高级技术美术（上海）,1,2019-04-12,设计类
上海,position_detail.php?id=49355&keywords=&tid=0&lid=0,32032-资深后台开发工程师（上海）,1,2019-04-12,技术类
深圳,position_detail.php?id=49345&keywords=&tid=0&lid=0,29302-服务采购商务岗,1,2019-04-12,职能类
北京,position_detail.php?id=49346&keywords=&tid=0&lid=0,CSIG16-自动驾驶高精地图（地图编译）,1,2019-04-12,技术类
深圳,position_detail.php?id=49347&keywords=&tid=0&lid=0,26564-web前端开发(深圳）,1,2019-04-12,技术类
深圳,position_detail.php?id=49367&keywords=&tid=0&lid=0,27441-基金财务经理（深圳）,1,2019-04-12,职能类
深圳,position_detail.php?id=49368&keywords=&tid=0&lid=0,25928-效能开发工程师,1,2019-04-12,技术类
深圳,position_detail.php?id=49362&keywords=&tid=0&lid=0,26699-智慧零售行业系统开发,2,2019-04-12,技术类
上海,position_detail.php?id=49363&keywords=&tid=0&lid=0,30624-腾讯广告华东服饰用品行业销售（上海）,1,2019-04-12,市场类
上海,position_detail.php?id=49364&keywords=&tid=0&lid=0,15573-移动游戏渠道运营(上海),1,2019-04-12,产品/项目类
深圳,position_detail.php?id=49365&keywords=&tid=0&lid=0,PCG09-信息流视频内容专家(CV方向),1,2019-04-12,技术类
深圳,position_detail.php?id=49366&keywords=&tid=0&lid=0,PCG09-信息流视频解决方案专家,1,2019-04-12,技术类
上海,position_detail.php?id=49356&keywords=&tid=0&lid=0,32032-移动客户端UE开发工程师（上海）,1,2019-04-12,技术类
上海,position_detail.php?id=49357&keywords=&tid=0&lid=0,20503-优图运维开发工程师(上海）,1,2019-04-12,技术类
深圳,position_detail.php?id=49358&keywords=&tid=0&lid=0,TEG05-Linux后台开发工程师（深圳）,2,2019-04-12,技术类
